id,requirement,value,target,status
R1,Water depth reached without de-watering,Sinks while skin friction < 1.66 kPa; estimate 1 to 3 kPa,At least 3 m,At risk
R2,Fits rings of 0.8 to 1.3 m,Grab 468 mm across; scraper folds to 364 mm radius; toes and skids adjustable,0.8 to 1.3 m,Met by design
R3,Grab load per bite,21.2 L at 75 % fill; 14.1 L at 50 %,At least 20 L,At risk
R4,"Cycle time at 10 m, two operators",3.7 min,3 min or less,Not met on paper
R5,Crank force,52 N each with two (104 N for one),150 N or less,Met on paper
R6,Tilt,Resolution 1 in 253; corrected by scraping the high side and saddles,1 in 80 or better,Not verifiable at TRL 3
R7,Proof load of lifting parts,Proof 187 kg within HatchSide proof 225 kg; line factor 10.7,2 x working load,Met on paper
R8,No person in the well,Every task from the surface; doors close the shaft,100 %,Met by design
R9,Portability,Heaviest piece 24.9 kg (scraper head),25 kg or less; small pickup,Met on paper
R10,Local build,"Steel section, plate, stick welding, drilling; rolled shell skins",Stick welder and hand tools,Met by design
R11,Prototype cost,"USD 2,506.00","Value-engineering target USD 4,000","Met on paper, within the target"
