item,qty,spec,supplier,unit_cost_usd,make_buy,notes
1 Capstan frame,1,"Welded frame: 40 x 40 x 2 mm steel square tube (S235 or S275) about 7.4 m for two base rails, two posts, four pad posts, four braces, two cross rails, the top tie and the brake anchor bar; 8 mm plate for two bearing pads (180 x 50) and two top plates (150 x 50); 8 mm plate for the drawbar clevis (two 70 x 70); pawl bracket from 30 mm plate offcut with a 12 mm pin; brake anchor post and lever plate from 8 mm plate; four stake tubes 33.7 x 3.2 x 80; two 3 mm guard tabs",Local steel stockholder,70.00,make,Indicative material price; 22.9 kg from cad/src/model.py; weld with 2.5 mm stick electrodes or MIG (thin wall)
2 Winding drum with brake drum and ratchet wheel,1,"Core 168.3 x 4.5 mm steel pipe 200 mm long; two 6 mm flanges 260 mm OD with six 36 mm lightening holes; brake drum 250 x 6 mm ring 50 wide on a 6 mm web; spacer ring; 20-tooth ratchet wheel 200 mm OD from 8 mm plate (profile cut); 30 mm bright steel shaft (S355 or EN8) 549 mm long; hub for the big sprocket; rope clamp with U-bolt",Local steel stockholder and profile cutter,95.00,make,Indicative price including profile cutting; 18.3 kg with the big sprocket; the big sprocket itself is line 23
3 Pawl,1,"8 mm steel plate, profile cut; 12 mm pivot hole; nose radius 3 mm",Profile cutter,8.00,make,Indicative price; holds the drum against paying out
4 Crank shaft with shear pin hub and removable cranks,1,"25 mm bright steel shaft (S355) 633 mm long with a 3 mm cross hole at the hub; hub from 36 mm tube carrying the 12-tooth sprocket; two crank arms 250 mm between centres from 12 mm plate, each on a 25 mm square-socket boss held by a ball-lock pin; two 32 mm handle tubes 120 mm long on M12 bolts",Local steel stockholder,45.00,make,Indicative price; cranks come off for lowering on the brake
5 Chain guard,1,"1.5 mm steel sheet: two side sheets cut round both sprockets with 22 to 30 mm clearance, 46 mm wrap band, holes for both shafts; two M6 screws to the frame tabs",Local fabricator,20.00,make,Indicative price; 4.2 kg
6 Band brake with weighted lever,1,"Band 40 x 3 mm spring steel strip about 1.25 m with bonded brake lining 40 x 5 mm, wrapped 270 deg round the brake drum; anchor end pinned to the anchor post; live end link 25 x 6 flat to a lever of 40 x 12 flat 650 mm long on a 12 mm pivot pin; 6 kg steel block on the lever end; brake on when the lever is let go",Local fabricator and brake lining supplier,40.00,make,Indicative price; holding torque about 300 N m (SKG-CAL-001)
7 Ground stakes,4,"25 mm round bar 500 mm long, point ground, 34 mm washer head welded on",Local steel stockholder,4.00,make,Indicative price; stop the capstan skating; the drawbar is the anchor
8 Foot cradle with sheave cheeks,1,"10 mm plate base 320 x 330 under the HatchSide leg A foot with a 120 mm tongue; 4 mm rim on three sides; two clamp bars 260 x 40 x 10 with four M12 bolts over the foot plate; two 8 mm sheave cheeks with 20.5 mm axle holes; two 8 mm drawbar clevis plates with 21 mm holes",Local steel stockholder,45.00,make,Indicative price; 19.4 kg; the HatchSide foot is clamped in it
9 Drawbar,1,"48.3 x 3.2 mm steel tube in two halves about 1.24 m each joined by a 41 mm spigot 200 mm long; 12 mm tongues with 21 mm holes at both ends; two 20 mm clevis pins with R-clips",Local steel stockholder,30.00,make,Indicative price; 11.0 kg; carries the rope pull back to the cradle so the tripod sees only its own winch case
10 Grab head with ballast plates,1,"Welded box 300 x 120 x 40 from 6 mm plate; two 25 mm head pins 418 mm long through it; 30 mm rope guide tube with 14 mm bore; dead-end lug 12 mm plate with 16.5 mm hole; recovery-line eye 12 mm plate; two 16 mm ballast plates 190 x 110 bolted on (M10)",Local steel stockholder,45.00,make,Indicative price; 13.3 kg with ballast; its weight opens the shells when the line is slacked
11 Tie rods with pins,4,"30 x 10 mm flat 420 mm between hole centres, 20.5 and 25.5 mm holes; 20 mm pins with R-clips at the shell end",Local steel stockholder,6.00,make,Indicative price per rod with its pin
12 Grab shells,2,"Quarter-cylinder scoop 230 mm radius, 340 mm wide (shell B 353 mm): 4 mm skin rolled to radius; two 6 mm end plates with hinge bosses and tie rod lugs; 4 mm top cover; 10 x 50 mm wear-resistant cutting lip (hardox 400 or similar) welded on",Local fabricator with plate rolls,60.00,make,Indicative price per shell including rolling; 11.6 and 11.9 kg
13 Crosshead with hinge pin and sheave axle,1,"Two 10 mm plates profile cut; 30 mm bright steel hinge pin 404 mm long with R-clips; 20 mm sheave axle",Local steel stockholder,25.00,make,Indicative price; the closing line runs round the crosshead sheave (line 25)
14 Shear link with calibrated pins,1,"Two 6 mm plates 87 x 30 on a 16 mm pin through the dead-end lug; calibrated link pins about 1.9 mm in double shear (mild steel wire from one coil), set by break test to release between 1.20 and 1.47 kN; 20 spare pins",Local fabricator,15.00,make,Indicative price; limits the closing line to the tripod's 150 kg rating and opens the grab if it snags
15 Under-curb scraper head,1,"Bottom pole 42.4 x 2.6 mm tube 1.42 m with a solid spike end and stop collar; hub 70 mm OD with two pairs of 8 mm arm lugs; two arms 50 x 10 flat 510 mm long with 10 mm toe blades 100 x 80 (wear-resistant); sliding sleeve 54 mm OD with a 250 mm foot plate and strut lugs; four struts 30 x 6 flat 386 mm; three-arm centralizer with 40 x 150 skids at 440 mm radius (holes for 0.8 to 1.3 m rings); 16 and 12 mm pins",Local fabricator,60.00,make,Indicative price; 24.4 kg; arms open under the cutting edge when the pole's weight rests on the foot
16 Pole sections,6,"42.4 x 2.6 mm steel tube 2.0 m with a 36 mm spigot 250 mm long welded in (150 mm out); 13 mm cross holes; M12 bolts and nyloc nuts",Local steel stockholder,18.00,make,Indicative price each; 7.1 kg each; six reach 12 m (10 m design case); up to 12 for 25 m
17 T-bar with swivel eye,1,"48.3 x 2.7 socket 200 mm on the top spigot; 33.7 x 3.2 mm handle 1.4 m; 12 mm eye plate with 18 mm hole for the closing line shackle",Local steel stockholder,20.00,make,Indicative price; 5.6 kg
18 Well-head frame,1,"50 x 50 x 5 mm angle square frame, 1.36 m opening, in two halves bolted at the corners (M12); four 6 mm datum brackets with 10 mm holes at the caisson wall centre radius; four hinge knuckles 24 mm OD",Local steel stockholder,70.00,make,Indicative price; 22.9 kg (two halves of 11.5 kg); sits on the well collar
19 Folding doors,2,"40 x 40 x 4 mm angle frame 1.36 x 0.68 m with expanded steel mesh (about 8 kg/m2) welded in; 32 mm pole notch with a 6 mm doubler at the meeting edge; two 16 mm hinge pins each",Local fabricator,45.00,make,Indicative price each; 18.3 kg each; cover the well whenever the grab is up and carry the spoil tub
20 Ballast saddles,8,"U-saddle 200 mm wide from 25 mm plate: inner leg 300 mm, bridge 25 mm, outer leg 20 x 150 mm, 95 mm slot over the ring wall; lifting eye 12 mm plate with 20 mm hole",Local steel stockholder (offcuts),30.00,make,Indicative price each; 20.6 kg each; straddle the top caisson ring wall
21 Drum bearings,2,"Pillow block ball bearing UCP206, 30 mm bore, cast housing, M14 fixing bolts (in line 34)",Bearing or power transmission distributor,14.00,buy,Indicative price; static rating about 11 kN
22 Crank bearings,2,"Pillow block ball bearing UCP205, 25 mm bore, M12 fixing bolts (in line 34)",Bearing or power transmission distributor,12.00,buy,Indicative price
23 Sprockets and chain,1,"ISO 08B-1 (12.7 mm pitch): 12-tooth sprocket bored to suit the hub, 48-tooth plate wheel bored 30 mm, 1.6 m of chain (breaking load at least 17.8 kN) with one connecting link",Power transmission distributor,60.00,buy,Indicative price for the set; 4:1
24 Crank shear pins,20,"3 mm S235 bright mild steel bar cut 40 mm long, with split pins; never hardened steel",Local steel stockholder,0.40,buy,Indicative price each; releases at about 42 N m on the crank shaft
25 Sheaves,3,"Steel or nylon sheave 150 mm OD, 130 mm pitch diameter, groove for 8 mm fibre rope, 28 mm wide, 20 mm bore with ball bearing, rated at least 500 kg: one lead sheave, one crosshead sheave, one to replace the HatchSide head sheave while SinkGrab works",Rigging or hardware supplier,30.00,buy,Indicative price each; the HatchSide sheave is grooved for 6 mm wire
26 Closing line,1,"45 m of 8 mm polyester double braid, minimum breaking strength at least 12 kN, eye splice with thimble at the grab end; other end clamped on the drum",Rope or rigging supplier,60.00,buy,Indicative price including the splice
27 Recovery line,1,"40 m of 8 mm polyester double braid tied to the grab head eye and made off at the well head",Rope or rigging supplier,35.00,buy,Indicative price; recovers the grab if the shear link releases
28 Saddle lines,8,"32 m of 6 mm polyester braid each, minimum breaking strength at least 5 kN, eye splice at the saddle end",Rope supplier,12.50,buy,Indicative price each
29 Swivel and shackles,1,"Ball-bearing swivel WLL 500 kg with eye and jaw; four bow shackles WLL 500 kg (8 mm pin); one bow shackle WLL 1,000 kg for the T-bar eye",Rigging supplier,45.00,buy,Indicative price for the set
30 Dip tape and plumb line,1,"30 m steel or fibreglass measuring tape with a 1 kg weighted foot; plumb bob 500 g on 30 m of braided line",Hardware supplier,60.00,buy,Indicative price; tilt from four readings each cycle
31 Gas detector,1,"Four-gas detector (O2, CO, H2S, flammable) with a hand pump and 30 m sampling line, or a lowering cage on a line",Safety equipment supplier,550.00,buy,Indicative price; test the shaft air before anyone works at the well head and before any entry
32 Spoil tubs,2,"Heavy-duty builder's barrow or tub, 90 L, rated at least 150 kg",Hardware supplier,80.00,buy,Indicative price each; two bites (about 85 kg) per tub
33 Barrier kit and briefing card,1,"Four 1.2 m steel stakes, 30 m of barrier rope, two signs, a laminated card with the stop rule and hand signals, two whistles",Hardware supplier,40.00,buy,Indicative price; barrier 2 m outside the tripod feet
34 Fasteners and consumables,1,"M14 x 50 and M12 x 45 bolts for the bearings, M12 clamp bolts, M10 and M6 screws, R-clips, split pins, ball-lock pins, primer and paint, electrodes and discs",Hardware supplier,60.00,buy,Indicative price
